Project,Email
nhealth-th-cdp-landing-prd-01,connect-x-sync-bigquery-intern@nhealth-th-cdp-landing-prd-01.iam.gserviceaccount.com
nhealth-th-cdp-landing-prd-01,landing-gcs-p-objectadmin-03@nhealth-th-cdp-landing-prd-01.iam.gserviceaccount.com
nhealth-th-cdp-landing-prd-01,landing-gcs-p-sendemail-nhealt@nhealth-th-cdp-landing-prd-01.iam.gserviceaccount.com
nhealth-th-cdp-landing-prd-01,1033121269730-compute@developer.gserviceaccount.com
nhealth-th-cdp-landing-prd-01,landing-gcs-p-objectadmin-01@nhealth-th-cdp-landing-prd-01.iam.gserviceaccount.com
nhealth-th-cdp-landing-prd-01,landing-gcs-p-objectadmin-02@nhealth-th-cdp-landing-prd-01.iam.gserviceaccount.com
nhealth-th-cdp-landing-prd-01,nhealth-th-cdp-landing-prd-01@appspot.gserviceaccount.com
nhealth-th-cdp-process-prd-01,process-p-gcr-tokenid@nhealth-th-cdp-process-prd-01.iam.gserviceaccount.com
nhealth-th-cdp-process-prd-01,landing-p-bq-admin-api-01@nhealth-th-cdp-process-prd-01.iam.gserviceaccount.com
nhealth-th-cdp-process-prd-01,process-p-areg-pusher-02@nhealth-th-cdp-process-prd-01.iam.gserviceaccount.com
nhealth-th-cdp-process-prd-01,process-p-areg-pusher-01@nhealth-th-cdp-process-prd-01.iam.gserviceaccount.com
nhealth-th-cdp-process-prd-01,nhealth-th-cdp-process-prd-01@appspot.gserviceaccount.com
nhealth-th-cdp-process-prd-01,557790515082-compute@developer.gserviceaccount.com
